,x
1,1
2,2
3,1
4,1
5,1
6,1
7,1
8,1
9,1
10,1
11,1
12,1
13,1
14,1
15,2
16,1
17,1
18,1
19,1
20,2
21,1
22,1
23,1
24,2
25,1
26,1
27,1
28,2
29,1
30,1
31,1
32,2
33,2
34,1
35,2
36,1
37,2
38,1
39,1
40,1
41,1
42,1
43,1
44,1
45,1
46,2
47,1
48,1
49,1
50,1
51,2
52,1
53,2
54,1
55,1
56,1
57,1
58,1
59,2
60,1
61,1
62,1
63,1
64,1
65,1
66,2
67,1
68,1
69,1
70,2
71,1
72,1
73,1
74,1
75,1
76,1
77,1
78,1
79,1
80,1
81,1
82,1
83,1
84,2
85,2
86,1
87,1
88,1
89,1
90,1
91,1
92,1
93,1
94,1
95,1
96,1
97,1
98,1
99,2
100,1
101,2
102,2
103,1
104,1
105,2
106,1
107,1
108,1
109,1
110,1
111,2
112,1
113,2
114,1
115,1
116,1
117,1
118,1
119,1
120,2
121,1
122,2
123,1
124,1
125,1
126,2
127,1
128,2
129,1
130,1
131,1
132,2
133,1
134,1
135,1
136,1
137,2
138,2
139,1
140,1
141,1
142,2
143,1
144,2
145,1
146,1
147,1
148,1
149,1
150,1
151,1
152,1
153,1
154,1
155,1
156,1
157,1
158,1
159,1
160,1
161,1
162,1
163,2
164,1
165,2
166,1
167,2
168,1
169,2
170,2
171,2
172,1
173,1
174,2
175,1
176,1
177,1
178,2
179,1
180,2
181,1
182,1
183,1
184,1
185,1
186,1
187,1
188,2
189,1
190,1
191,1
192,1
193,1
194,2
195,1
196,2
197,1
198,1
199,1
200,2
201,1
202,2
203,1
204,1
205,1
206,2
207,1
208,1
209,2
210,1
211,1
212,1
213,1
214,1
215,1
216,1
217,1
218,1
219,1
220,1
221,1
222,1
223,1
224,1
225,1
226,2
227,1
228,1
229,1
230,1
231,1
232,2
233,1
234,2
235,1
236,1
237,1
238,2
239,2
240,1
241,1
242,1
243,1
244,1
245,1
246,1
247,1
248,1
249,1
250,2
251,1
252,1
253,1
254,1
255,1
256,1
257,1
258,2
259,1
260,1
261,1
262,2
263,1
264,1
265,1
266,1
267,1
268,1
269,1
270,1
271,1
272,1
273,1
274,2
275,1
276,1
277,1
278,1
279,1
280,1
281,1
282,1
283,2
284,1
285,1
286,1
287,1
288,1
289,1
290,2
291,1
292,1
293,1
294,1
295,2
296,1
297,1
298,1
299,1
300,1
301,1
302,1
303,1
304,1
305,2
306,1
307,1
308,2
309,1
310,1
311,1
312,1
313,1
314,1
315,1
316,1
317,1
318,1
319,1
320,2
321,2
322,1
323,1
324,1
325,1
326,1
327,1
328,1
329,1
330,1
331,1
332,1
333,2
334,1
335,1
336,2
337,1
338,1
339,1
340,1
341,2
342,1
343,1
344,2
345,1
346,1
347,1
348,2
349,1
350,1
351,1
352,1
353,1
354,1
355,2
356,1
357,1
358,1
359,1
360,1
361,1
362,1
363,1
364,1
365,1
366,1
367,1
368,2
369,1
370,1
371,2
372,1
373,1
374,1
375,1
376,2
377,1
378,2
379,1
380,1
381,1
382,1
383,1
384,1
385,1
386,1
387,2
388,1
389,1
390,2
391,1
392,1
393,2
394,1
395,1
396,2
397,1
398,1
399,1
400,2
401,1
402,1
403,1
404,1
405,1
406,2
407,1
408,1
409,2
410,1
411,1
412,1
413,2
414,1
415,1
416,1
417,1
418,2
419,1
420,1
421,1
422,1
423,1
424,1
425,1
426,1
427,1
428,2
429,1
430,2
431,1
432,1
433,1
434,2
435,1
436,1
437,1
438,1
439,1
440,2
441,2
442,2
443,1
444,1
445,2
446,1
447,1
448,1
449,1
450,1
451,1
452,1
453,1
454,1
455,2
456,1
457,1
458,1
459,1
460,1
461,1
462,1
463,1
464,1
465,1
466,1
467,1
468,1
469,1
470,1
471,1
472,1
473,1
474,1
475,1
476,2
477,1
478,1
479,1
480,1
481,1
482,1
483,1
484,1
485,1
486,1
487,1
488,2
489,1
490,1
491,1
492,1
493,2
494,2
495,1
496,1
497,1
498,1
499,2
500,1
501,1
502,2
503,1
504,1
505,1
506,1
507,1
508,1
509,1
510,1
511,1
512,1
513,1
514,2
515,1
516,1
517,1
518,1
519,2
520,1
521,2
522,1
523,1
524,1
525,1
526,1
527,1
528,2
529,1
530,1
531,1
532,1
533,1
534,1
535,1
536,1
537,1
538,1
539,2
540,1
541,1
542,1
543,2
544,1
545,1
546,1
547,1
548,1
549,2
550,1
551,1
552,1
553,1
554,1
555,1
556,1
557,1
558,1
559,1
560,1
561,1
562,1
563,1
564,2
565,1
566,1
567,1
568,1
569,1
570,1
571,1
572,1
573,2
574,1
575,1
576,1
577,1
578,1
579,2
580,1
581,1
582,1
583,1
584,1
585,1
586,1
587,2
588,1
589,1
590,1
591,1
592,2
593,1
594,2
595,2
596,1
597,1
598,1
599,1
600,2
601,2
602,2
603,2
604,1
605,1
606,1
607,1
608,1
609,1
610,2
611,1
612,1
613,1
614,1
615,1
616,2
617,2
618,1
619,1
620,1
621,1
622,1
623,1
624,1
625,1
626,1
627,1
628,1
629,2
630,1
631,1
632,1
633,1
634,2
635,1
636,1
637,1
638,1
639,1
640,2
641,2
642,1
643,1
644,1
645,1
646,1
647,1
648,1
649,2
650,1
651,1
652,1
653,1
654,1
655,1
656,1
657,1
658,2
659,1
660,1
661,1
662,1
663,2
664,1
665,2
666,1
667,1
668,2
669,1
670,1
671,2
672,1
673,2
674,2
675,1
676,1
677,1
678,2
679,2
680,2
681,1
682,1
683,2
684,1
685,2
686,2
687,1
688,1
689,1
690,1
691,1
692,1
693,1
694,1
695,1
696,1
697,1
698,2
699,1
700,1
701,1
702,1
703,2
704,2
705,1
706,1
707,1
708,1
709,1
710,1
711,1
712,1
713,1
714,1
715,1
716,2
717,2
718,1
719,2
720,1
721,2
722,1
723,1
724,1
725,2
726,1
727,1
728,1
729,1
730,2
731,1
732,1
733,1
734,1
735,1
736,1
737,1
738,1
739,1
740,1
741,1
742,1
743,1
744,1
745,1
746,1
747,1
748,1
749,2
750,2
751,1
752,1
753,1
754,2
755,1
756,1
757,1
758,1
759,2
760,1
761,2
762,1
763,1
764,1
765,1
766,1
767,1
768,1
769,1
770,2
771,1
772,1
773,2
774,1
775,1
776,1
777,1
778,1
779,2
780,1
781,1
782,1
783,1
784,1
785,1
786,2
787,1
788,1
789,2
790,1
791,1
792,1
793,1
794,1
795,1
796,1
797,1
798,1
799,1
800,1
801,2
802,2
803,1
804,1
805,1
806,1
807,1
808,1
809,1
810,1
811,1
812,1
813,1
814,1
815,2
816,1
817,1
818,1
819,1
820,1
821,1
822,1
823,1
824,2
825,1
826,1
827,2
828,1
829,1
830,1
831,2
832,1
833,1
834,1
835,1
836,2
837,1
838,1
839,1
840,2
841,1
842,1
843,2
844,1
845,1
846,1
847,1
848,1
849,1
850,2
851,1
852,1
853,2
854,2
855,1
856,1
857,1
858,1
859,2
860,2
861,1
862,2
863,1
864,1
865,1
866,1
867,2
868,1
869,1
870,1
871,1
872,1
873,1
874,1
875,1
876,1
877,1
878,1
879,2
880,2
881,1
882,1
883,1
884,1
885,1
886,1
887,1
888,1
889,2
890,1
891,1
892,1
893,1
894,1
895,1
896,1
897,1
898,1
899,1
900,1
901,1
902,1
903,1
904,1
905,1
906,1
907,2
908,1
909,1
910,2
911,1
912,1
913,1
914,1
915,2
916,1
917,1
918,1
919,1
920,1
921,1
922,1
923,2
924,1
925,1
926,1
927,1
928,1
929,1
930,1
931,1
932,1
933,1
934,1
935,2
936,1
937,1
938,1
939,1
940,1
941,1
942,1
943,1
944,1
945,2
946,1
947,1
948,2
949,1
950,1
951,1
952,1
953,1
954,1
955,1
956,1
957,1
958,1
959,2
960,1
961,1
962,2
963,1
964,2
965,1
966,1
967,1
968,1
969,1
970,1
971,1
972,1
973,1
974,2
975,2
976,1
977,1
978,1
979,2
980,1
981,1
982,2
983,1
984,1
985,1
986,1
987,1
988,1
989,2
990,1
991,1
992,1
993,1
994,1
995,1
996,1
997,1
998,1
999,1
1000,1
1001,1
1002,1
1003,1
1004,1
1005,1
1006,1
1007,1
1008,1
1009,1
1010,1
1011,1
1012,2
1013,1
1014,1
1015,1
1016,2
1017,2
1018,1
1019,2
1020,1
1021,1
1022,2
1023,1
1024,1
1025,1
1026,2
1027,1
1028,1
1029,1
1030,1
1031,2
1032,1
1033,1
1034,1
1035,2
1036,1
1037,1
1038,1
1039,2
1040,1
1041,1
1042,1
1043,1
1044,1
1045,1
1046,1
1047,1
1048,2
1049,2
1050,1
1051,1
1052,2
1053,2
1054,1
1055,1
1056,1
1057,1
1058,1
1059,1
1060,1
1061,2
1062,1
1063,1
1064,1
1065,1
1066,1
1067,1
1068,2
1069,1
1070,1
1071,1
1072,2
1073,1
1074,1
1075,1
1076,1
1077,1
1078,1
1079,1
1080,1
1081,1
1082,1
1083,1
1084,1
1085,1
1086,1
1087,1
1088,1
1089,1
1090,2
1091,1
1092,1
1093,1
1094,1
1095,1
1096,1
1097,1
1098,2
1099,2
1100,2
1101,1
1102,2
1103,2
1104,1
1105,1
1106,2
1107,1
1108,2
1109,1
1110,1
1111,1
1112,1
1113,1
1114,1
1115,1
1116,1
1117,1
1118,1
1119,1
1120,1
1121,1
1122,1
1123,1
1124,1
1125,1
1126,1
1127,1
1128,1
1129,1
1130,1
1131,1
1132,2
1133,1
1134,1
1135,1
1136,2
1137,2
1138,1
1139,1
1140,1
1141,1
1142,1
1143,1
1144,1
1145,1
1146,1
1147,1
1148,1
1149,1
1150,1
1151,1
1152,1
1153,1
1154,1
1155,2
1156,1
1157,1
1158,1
1159,1
1160,1
1161,1
1162,1
1163,1
1164,2
1165,1
1166,1
1167,1
1168,1
1169,1
1170,1
1171,1
1172,2
1173,1
1174,1
1175,1
1176,1
1177,1
1178,1
1179,1
1180,1
1181,1
1182,1
1183,1
1184,1
1185,2
1186,1
1187,1
1188,1
1189,1
1190,1
1191,1
1192,1
1193,2
1194,1
1195,1
1196,1
1197,1
1198,1
1199,2
1200,1
1201,2
1202,1
1203,2
1204,2
1205,1
1206,1
1207,1
1208,1
1209,1
1210,1
1211,1
1212,1
1213,1
1214,1
1215,1
1216,2
1217,1
1218,1
1219,1
1220,1
1221,1
1222,1
1223,1
1224,2
1225,1
1226,1
1227,1
1228,1
1229,2
1230,1
1231,1
1232,1
1233,1
1234,1
1235,1
1236,1
1237,1
1238,1
1239,1
1240,1
1241,2
1242,2
1243,1
1244,1
1245,1
1246,1
1247,1
1248,1
1249,1
1250,2
1251,1
1252,2
1253,1
1254,1
1255,2
1256,1
1257,1
1258,2
1259,1
1260,1
1261,2
1262,1
1263,1
1264,1
1265,1
1266,1
1267,1
1268,1
1269,1
1270,1
1271,1
1272,1
1273,1
1274,2
1275,1
1276,2
1277,1
1278,1
1279,1
1280,2
1281,1
1282,1
1283,1
1284,1
1285,2
1286,1
1287,1
1288,2
1289,1
1290,1
1291,1
1292,1
1293,1
1294,1
1295,1
1296,2
1297,1
1298,1
1299,1
1300,1
1301,2
1302,1
1303,1
1304,1
1305,1
1306,1
1307,2
1308,1
1309,1
1310,1
1311,2
1312,1
1313,1
1314,1
1315,1
1316,1
1317,2
1318,2
1319,1
1320,1
1321,1
1322,1
1323,1
1324,2
1325,2
1326,1
1327,1
1328,1
1329,1
1330,1
1331,1
1332,1
1333,1
1334,1
1335,1
1336,2
1337,2
1338,1
1339,1
1340,1
1341,2
1342,1
1343,1
1344,1
1345,1
1346,1
1347,1
1348,1
1349,1
1350,2
1351,2
1352,2
1353,1
1354,1
1355,1
1356,2
1357,1
1358,2
1359,1
1360,1
1361,1
1362,1
1363,1
1364,1
1365,1
1366,1
1367,1
1368,1
1369,2
1370,1
1371,2
1372,1
1373,1
1374,1
1375,1
1376,1
1377,1
1378,2
1379,1
1380,1
1381,1
1382,1
1383,1
1384,1
1385,1
1386,1
1387,1
1388,1
1389,2
1390,1
1391,2
1392,1
1393,1
1394,1
1395,1
1396,1
1397,1
1398,1
1399,1
1400,1
1401,2
1402,1
1403,1
1404,2
1405,1
1406,1
1407,1
1408,1
1409,2
1410,1
1411,1
1412,1
1413,1
1414,1
1415,1
1416,1
1417,2
1418,1
1419,1
1420,1
1421,1
1422,2
1423,1
1424,1
1425,1
1426,1
1427,1
1428,1
1429,1
1430,1
1431,1
1432,1
1433,1
1434,1
1435,1
1436,1
1437,1
1438,2
1439,2
1440,2
1441,1
1442,1
1443,2
1444,1
1445,2
1446,1
1447,1
1448,1
1449,1
1450,1
1451,2
1452,1
1453,2
1454,1
1455,1
1456,2
1457,1
1458,1
1459,2
1460,1
1461,1
1462,1
1463,1
1464,2
1465,1
1466,2
1467,1
1468,2
1469,1
1470,1
1471,2
1472,1
1473,1
1474,2
1475,1
1476,1
1477,1
1478,2
1479,1
1480,1
1481,1
1482,1
1483,1
1484,1
1485,1
1486,1
1487,1
1488,1
1489,1
1490,1
1491,1
1492,1
1493,1
1494,1
1495,1
1496,1
1497,2
1498,1
1499,1
1500,1
1501,2
1502,2
1503,1
1504,1
1505,2
1506,1
1507,1
1508,1
1509,1
1510,1
1511,1
1512,2
1513,1
1514,1
1515,1
1516,2
1517,1
1518,1
1519,1
1520,2
1521,1
1522,1
1523,1
1524,1
1525,1
1526,1
1527,1
1528,1
1529,1
1530,1
1531,1
1532,1
1533,2
1534,1
1535,2
1536,1
1537,1
1538,1
1539,1
1540,1
1541,1
1542,1
1543,1
1544,1
1545,1
1546,1
1547,2
1548,1
1549,1
1550,1
1551,1
1552,1
1553,2
1554,1
1555,1
1556,1
1557,2
1558,1
1559,2
1560,1
1561,1
1562,1
1563,1
1564,1
1565,1
1566,1
1567,1
1568,1
1569,2
1570,1
1571,2
1572,1
1573,2
1574,1
1575,1
1576,1
1577,1
1578,1
1579,1
1580,1
1581,1
1582,1
1583,2
1584,1
1585,1
1586,2
1587,1
1588,1
1589,1
1590,2
1591,2
1592,2
1593,1
1594,2
1595,1
1596,1
1597,1
1598,1
1599,1
1600,1
1601,1
1602,1
1603,2
1604,1
1605,1
1606,1
1607,1
1608,1
1609,1
1610,1
1611,1
1612,1
1613,1
1614,1
1615,1
1616,1
1617,2
1618,1
1619,1
1620,1
1621,1
1622,1
1623,1
1624,1
1625,2
1626,1
1627,1
1628,1
1629,1
1630,1
1631,1
1632,2
1633,1
1634,2
1635,1
1636,1
1637,1
1638,2
1639,1
1640,1
1641,2
1642,1
1643,1
1644,1
1645,1
1646,1
1647,1
1648,1
1649,1
1650,1
1651,1
1652,1
1653,1
1654,1
1655,1
1656,2
1657,2
1658,2
1659,1
1660,2
1661,1
1662,1
1663,1
1664,1
1665,1
1666,1
1667,2
1668,1
1669,2
1670,1
1671,2
1672,1
1673,1
1674,2
1675,2
1676,1
1677,1
1678,2
1679,2
1680,1
1681,1
1682,1
1683,1
1684,2
1685,1
1686,1
1687,1
1688,2
1689,1
1690,1
1691,1
1692,1
1693,2
1694,2
1695,1
1696,1
1697,1
1698,1
1699,2
1700,1
1701,2
1702,2
1703,1
1704,1
1705,1
1706,2
1707,1
1708,2
1709,1
1710,1
1711,2
1712,1
1713,1
1714,1
1715,2
1716,1
1717,1
1718,1
1719,1
1720,1
1721,1
1722,1
1723,1
1724,1
1725,2
1726,1
1727,1
1728,1
1729,1
1730,1
1731,1
1732,1
1733,2
1734,2
1735,1
1736,1
1737,1
1738,2
1739,1
1740,1
1741,1
1742,1
1743,2
1744,1
1745,1
1746,1
1747,1
1748,1
1749,2
1750,2
1751,1
1752,1
1753,2
1754,1
1755,1
1756,2
1757,1
1758,1
1759,1
1760,2
1761,1
1762,1
1763,1
1764,1
1765,1
1766,1
1767,1
1768,1
1769,1
1770,1
1771,2
1772,1
1773,1
1774,1
1775,1
1776,1
1777,1
1778,1
1779,2
1780,2
1781,1
1782,1
1783,1
1784,1
1785,1
1786,1
1787,1
1788,1
1789,1
1790,1
1791,1
1792,1
1793,1
1794,2
1795,2
1796,1
1797,1
1798,2
1799,1
1800,1
1801,1
1802,1
1803,1
1804,1
1805,1
1806,1
1807,1
1808,1
1809,1
1810,1
1811,1
1812,1
1813,1
1814,1
1815,1
1816,1
1817,1
1818,2
1819,2
1820,1
1821,1
1822,1
1823,1
1824,2
1825,1
1826,1
1827,1
1828,1
1829,1
1830,1
1831,2
1832,1
1833,2
1834,1
1835,1
1836,1
1837,2
1838,1
1839,1
1840,1
1841,1
1842,1
1843,1
1844,2
1845,1
1846,2
1847,1
1848,1
1849,1
1850,1
1851,1
1852,1
1853,2
1854,1
1855,1
1856,2
1857,1
1858,1
1859,1
1860,1
1861,1
1862,1
1863,2
1864,1
1865,1
1866,1
1867,1
1868,1
1869,1
1870,1
1871,1
1872,1
1873,1
1874,1
1875,1
1876,1
1877,1
1878,1
1879,1
1880,1
1881,1
1882,1
1883,1
1884,1
1885,1
1886,1
1887,1
1888,1
1889,2
1890,2
1891,1
1892,1
1893,1
1894,1
1895,2
1896,1
1897,1
1898,1
1899,1
1900,2
1901,1
1902,1
1903,2
1904,1
1905,1
1906,1
1907,1
1908,1
1909,1
1910,1
1911,2
1912,1
1913,2
1914,2
1915,1
1916,2
1917,1
1918,2
1919,1
1920,1
1921,1
1922,1
1923,1
1924,2
1925,1
1926,1
1927,2
1928,1
1929,1
1930,1
1931,2
1932,2
1933,1
1934,1
1935,2
1936,2
1937,1
1938,2
1939,1
1940,1
1941,2
1942,1
1943,1
1944,1
1945,1
1946,1
1947,1
1948,1
1949,1
1950,1
1951,1
1952,1
1953,1
1954,1
1955,1
1956,1
1957,2
1958,2
1959,1
1960,1
1961,1
1962,2
1963,1
1964,2
1965,2
1966,1
1967,1
1968,1
1969,1
1970,1
1971,1
1972,1
1973,2
1974,1
1975,1
1976,1
1977,1
1978,2
1979,1
1980,1
1981,2
1982,1
1983,1
1984,1
1985,1
1986,1
1987,1
1988,1
1989,2
1990,2
1991,1
1992,1
1993,1
1994,2
1995,1
1996,1
1997,1
1998,1
1999,1
2000,1
2001,1
2002,1
2003,1
2004,1
2005,1
2006,1
2007,1
2008,1
2009,1
2010,1
2011,1
2012,1
2013,1
2014,1
2015,1
2016,2
2017,1
2018,1
2019,1
2020,1
2021,1
2022,2
2023,1
2024,1
2025,1
2026,1
2027,1
2028,2
2029,1
2030,2
2031,1
2032,1
2033,1
2034,1
2035,1
2036,1
2037,1
2038,1
2039,1
2040,1
2041,1
2042,2
2043,1
2044,2
2045,2
2046,1
2047,1
2048,1
2049,1
2050,2
2051,1
2052,1
2053,1
2054,1
2055,1
2056,2
2057,1
2058,1
2059,1
2060,2
2061,1
2062,1
2063,2
2064,1
2065,2
2066,1
2067,2
2068,1
2069,1
2070,1
2071,1
2072,1
2073,1
2074,2
2075,1
2076,1
2077,1
2078,1
2079,2
2080,1
2081,1
2082,1
2083,1
2084,2
2085,1
2086,2
2087,1
2088,1
2089,1
2090,1
2091,2
2092,1
2093,2
2094,1
2095,1
2096,1
2097,1
2098,1
2099,1
2100,2
2101,1
2102,1
2103,1
2104,2
2105,2
2106,1
2107,1
2108,1
2109,2
2110,1
2111,1
2112,1
2113,1
2114,2
2115,1
2116,1
2117,1
2118,2
2119,1
2120,1
2121,1
2122,1
2123,1
2124,1
2125,1
2126,2
2127,1
2128,1
2129,1
2130,2
2131,1
2132,1
2133,2
2134,1
2135,1
2136,1
2137,1
2138,2
2139,1
2140,1
2141,1
2142,1
2143,1
2144,1
2145,1
2146,1
2147,2
2148,2
2149,1
2150,1
2151,1
2152,1
2153,2
2154,1
2155,1
2156,1
2157,1
2158,1
2159,1
2160,1
2161,1
2162,2
2163,1
2164,1
2165,1
2166,1
2167,1
2168,1
2169,1
2170,1
2171,1
2172,1
2173,1
2174,1
2175,2
2176,2
2177,1
2178,1
2179,2
2180,1
2181,2
2182,1
2183,1
2184,1
2185,1
2186,1
2187,1
2188,1
2189,1
2190,1
2191,2
2192,1
2193,1
2194,1
2195,2
2196,1
2197,1
2198,1
2199,2
2200,1
2201,2
2202,1
2203,1
2204,1
2205,1
2206,1
2207,1
2208,1
2209,1
2210,1
2211,2
2212,1
2213,1
2214,1
2215,2
2216,1
2217,2
2218,1
2219,2
2220,2
2221,1
2222,2
2223,1
2224,1
2225,1
2226,1
2227,1
2228,1
2229,2
2230,1
2231,2
2232,1
2233,1
2234,1
2235,2
2236,2
2237,1
2238,1
2239,1
2240,1
2241,1
2242,1
2243,1
2244,1
2245,1
2246,1
2247,2
2248,1
2249,2
2250,2
2251,1
2252,1
2253,1
2254,1
2255,1
2256,1
2257,2
2258,1
2259,1
2260,1
2261,1
2262,1
2263,1
2264,1
2265,1
2266,1
2267,1
2268,1
2269,1
2270,1
2271,1
2272,1
2273,1
2274,1
2275,1
2276,1
2277,1
2278,1
2279,1
2280,1
2281,2
2282,1
2283,1
2284,1
2285,1
2286,1
2287,1
2288,1
2289,1
2290,1
2291,1
2292,1
2293,1
2294,1
2295,2
2296,2
2297,1
2298,1
2299,1
2300,1
2301,1
2302,2
2303,1
2304,1
2305,1
2306,1
2307,1
2308,1
2309,1
2310,1
2311,1
2312,1
2313,1
2314,1
2315,1
2316,2
2317,1
2318,2
2319,2
2320,1
2321,1
2322,1
2323,1
2324,1
2325,1
2326,2
2327,1
2328,2
2329,1
2330,1
2331,1
2332,1
2333,1
2334,1
2335,1
2336,2
2337,1
2338,1
2339,1
2340,1
2341,1
2342,2
2343,1
2344,1
2345,2
2346,1
2347,1
2348,1
2349,1
2350,2
2351,1
2352,1
2353,1
2354,1
2355,1
2356,2
2357,1
2358,1
2359,1
2360,2
2361,1
2362,1
2363,1
2364,1
2365,2
2366,1
2367,1
2368,1
2369,1
2370,2
2371,1
2372,1
2373,1
2374,1
2375,1
2376,1
2377,1
2378,1
2379,1
2380,2
2381,1
2382,1
2383,1
2384,1
2385,1
2386,1
2387,1
2388,1
2389,1
2390,1
2391,1
2392,2
2393,1
2394,1
2395,2
2396,1
2397,2
2398,2
2399,2
2400,2
2401,2
2402,2
2403,2
2404,2
2405,2
2406,2
2407,2
2408,2
2409,2
2410,2
2411,2
2412,2
2413,2
2414,2
2415,2
2416,2
2417,2
2418,2
2419,2
2420,2
2421,2
2422,2
2423,2
2424,2
2425,2
2426,2
2427,2
2428,2
2429,2
2430,2
2431,2
2432,2
2433,2
2434,2
2435,2
2436,2
2437,2
2438,2
2439,2
2440,2
2441,2
2442,2
2443,2
2444,2
2445,2
2446,2
2447,2
2448,2
2449,2
2450,2
2451,2
2452,2
2453,2
2454,2
2455,2
2456,2
2457,2
2458,2
2459,2
2460,2
2461,2
2462,2
2463,2
2464,2
2465,2
2466,2
2467,2
2468,2
2469,2
2470,2
2471,2
2472,2
2473,2
2474,2
2475,2
2476,2
2477,2
2478,2
2479,2
2480,2
2481,2
2482,2
2483,2
2484,2
2485,2
2486,2
2487,2
2488,2
2489,2
2490,2
2491,2
2492,2
2493,2
2494,2
2495,2
2496,2
2497,2
2498,2
2499,2
2500,2
2501,2
2502,2
2503,2
2504,2
2505,2
2506,2
2507,2
2508,2
2509,2
2510,2
2511,2
2512,2
2513,2
2514,2
2515,2
2516,2
2517,2
2518,2
2519,2
2520,2
2521,2
2522,2
2523,2
2524,2
2525,2
2526,2
2527,2
2528,2
2529,2
2530,2
2531,2
2532,2
2533,2
2534,2
2535,2
2536,2
2537,2
2538,2
2539,2
2540,2
2541,2
2542,2
2543,2
2544,2
2545,2
2546,2
2547,2
2548,2
2549,2
2550,2
2551,2
2552,2
2553,2
2554,2
2555,2
2556,2
2557,2
2558,2
2559,2
2560,2
2561,2
2562,2
2563,2
2564,2
2565,2
2566,2
2567,2
2568,2
2569,2
2570,2
2571,2
2572,2
2573,2
2574,2
2575,2
2576,2
2577,2
2578,2
2579,2
2580,2
2581,2
2582,2
2583,2
2584,2
2585,2
2586,2
2587,2
2588,2
2589,2
2590,2
2591,2
2592,2
2593,2
2594,2
2595,2
2596,2
2597,2
2598,2
2599,2
2600,2
2601,2
2602,2
2603,2
2604,2
2605,2
2606,2
2607,2
2608,2
2609,2
2610,2
2611,2
2612,2
2613,2
2614,2
2615,2
2616,2
2617,2
2618,2
2619,2
2620,2
2621,2
2622,2
2623,2
2624,2
2625,2
2626,2
2627,2
2628,2
2629,2
2630,2
2631,2
2632,2
2633,2
2634,2
2635,2
2636,2
2637,2
2638,2
2639,2
2640,2
2641,2
2642,2
2643,2
2644,2
2645,2
2646,2
2647,2
2648,2
2649,2
2650,2
2651,2
2652,2
2653,2
2654,2
2655,2
2656,2
2657,2
2658,2
2659,2
2660,2
2661,2
2662,2
2663,2
2664,2
2665,2
2666,2
2667,2
2668,2
2669,2
2670,2
2671,2
2672,2
2673,2
2674,2
2675,2
2676,2
2677,2
2678,2
2679,2
2680,2
2681,2
2682,2
2683,2
2684,2
2685,2
2686,2
2687,2
2688,2
2689,2
2690,2
2691,2
2692,2
2693,2
2694,2
2695,2
2696,2
2697,2
2698,2
2699,2
2700,2
2701,2
2702,2
2703,2
2704,2
2705,2
2706,2
2707,2
2708,2
2709,2
2710,2
2711,2
2712,2
2713,2
2714,2
2715,2
2716,2
2717,2
2718,2
2719,2
2720,2
2721,2
2722,2
2723,2
2724,2
2725,2
2726,2
2727,2
2728,2
2729,2
2730,2
2731,2
2732,2
2733,2
2734,2
2735,2
2736,2
2737,2
2738,2
2739,2
2740,2
2741,2
2742,2
2743,2
2744,2
2745,2
2746,2
2747,2
2748,2
2749,2
2750,2
2751,2
2752,2
2753,2
2754,2
2755,2
2756,2
2757,2
2758,2
2759,2
2760,2
2761,2
2762,2
2763,2
2764,2
2765,2
2766,2
2767,2
2768,2
2769,2
2770,2
2771,2
2772,2
2773,2
2774,2
2775,2
2776,2
2777,2
2778,2
2779,2
2780,2
2781,2
2782,2
2783,2
2784,2
2785,2
2786,2
2787,2
2788,2
2789,2
2790,2
2791,2
2792,2
2793,2
2794,2
2795,2
2796,2
2797,2
2798,2
2799,2
2800,2
2801,2
2802,2
2803,2
2804,2
2805,2
2806,2
2807,2
2808,2
2809,2
2810,2
2811,2
2812,2
2813,2
2814,2
2815,2
2816,2
2817,2
2818,2
2819,2
2820,2
2821,2
2822,2
2823,2
2824,2
2825,2
2826,2
2827,2
2828,2
2829,2
2830,2
2831,2
2832,2
2833,2
2834,2
2835,2
2836,2
2837,2
2838,2
2839,2
2840,2
2841,2
2842,2
2843,2
2844,2
2845,2
2846,2
2847,2
2848,2
2849,2
2850,2
2851,2
2852,2
2853,2
2854,2
2855,2
2856,2
2857,2
2858,2
2859,2
2860,2
2861,2
2862,2
2863,2
2864,2
2865,2
2866,2
2867,2
2868,2
2869,2
2870,2
2871,2
2872,2
2873,2
2874,2
2875,2
2876,2
2877,2
2878,2
2879,2
2880,2
2881,2
2882,2
2883,2
2884,2
2885,2
2886,2
2887,2
2888,2
2889,2
2890,2
2891,2
2892,2
2893,2
2894,2
2895,2
2896,2
2897,2
2898,2
2899,2
2900,2
2901,2
2902,2
2903,2
2904,2
2905,2
2906,2
2907,2
2908,2
2909,2
2910,2
2911,2
2912,2
2913,2
2914,2
2915,2
2916,2
2917,2
2918,2
2919,2
2920,2
2921,2
2922,2
2923,2
2924,2
2925,2
2926,2
2927,2
2928,2
2929,2
2930,2
2931,2
2932,2
2933,2
2934,2
2935,2
2936,2
2937,2
2938,2
2939,2
2940,2
2941,2
2942,2
2943,2
2944,2
2945,2
2946,2
2947,2
2948,2
2949,2
2950,2
2951,2
2952,2
2953,2
2954,2
2955,2
2956,2
2957,2
2958,2
2959,2
2960,2
2961,2
2962,2
2963,2
2964,2
2965,2
2966,2
2967,2
2968,2
2969,2
2970,2
2971,2
2972,2
2973,2
2974,2
2975,2
2976,2
2977,2
2978,2
2979,2
2980,2
2981,2
2982,2
2983,2
2984,2
2985,2
2986,2
2987,2
2988,2
2989,2
2990,2
2991,2
2992,2
2993,2
2994,2
2995,2
2996,2
2997,2
2998,2
2999,2
3000,2
3001,2
3002,2
3003,2
3004,2
3005,2
3006,2
3007,2
3008,2
3009,2
3010,2
3011,2
3012,2
3013,2
3014,2
3015,2
3016,2
3017,2
3018,2
3019,2
3020,2
3021,2
3022,2
3023,2
3024,2
3025,2
3026,2
3027,2
3028,2
3029,2
3030,2
3031,2
3032,2
3033,2
3034,2
3035,2
3036,2
3037,2
3038,2
3039,2
3040,2
3041,2
3042,2
3043,2
3044,2
3045,2
3046,2
3047,2
3048,2
3049,2
3050,2
3051,2
3052,2
3053,2
3054,2
3055,2
3056,2
3057,2
3058,2
3059,2
3060,2
3061,2
3062,2
3063,2
3064,2
3065,2
3066,2
3067,2
3068,2
3069,2
3070,2
3071,2
3072,2
3073,2
3074,2
3075,2
3076,2
3077,2
3078,2
3079,2
3080,2
3081,2
3082,2
3083,2
3084,2
3085,2
3086,2
3087,2
3088,2
3089,2
3090,2
3091,2
3092,2
3093,2
3094,2
3095,2
3096,2
3097,2
3098,2
3099,2
3100,2
3101,2
3102,2
3103,2
3104,2
3105,2
3106,2
3107,2
3108,2
3109,2
3110,2
3111,2
3112,2
3113,2
3114,2
3115,2
3116,2
3117,2
3118,2
3119,2
3120,2
3121,2
3122,2
3123,2
3124,2
3125,2
3126,2
3127,2
3128,2
3129,2
3130,2
3131,2
3132,2
3133,2
3134,2
3135,2
3136,2
3137,2
3138,2
3139,2
3140,2
3141,2
3142,2
3143,2
3144,2
3145,2
3146,2
3147,2
3148,2
3149,2
3150,2
3151,2
3152,2
3153,2
3154,2
3155,2
3156,2
3157,2
3158,2
3159,2
3160,2
3161,2
3162,2
3163,2
3164,2
3165,2
3166,2
3167,2
3168,2
3169,2
3170,2
3171,2
3172,2
3173,2
3174,2
3175,2
3176,2
3177,2
3178,2
3179,2
3180,2
3181,2
3182,2
3183,2
3184,2
3185,2
3186,2
3187,2
3188,2
3189,2
3190,2
3191,2
3192,2
3193,2
3194,2
3195,2
3196,2
3197,2
3198,2
3199,2
3200,2
3201,2
3202,2
3203,2
3204,2
3205,2
3206,2
3207,2
3208,2
3209,2
3210,2
3211,2
3212,2
3213,2
3214,2
3215,2
3216,2
3217,2
3218,2
3219,2
3220,2
3221,2
3222,2
3223,2
3224,2
3225,2
3226,2
3227,2
3228,2
3229,2
3230,2
3231,2
3232,2
3233,2
3234,2
3235,2
3236,2
3237,2
3238,2
3239,2
3240,2
3241,2
3242,2
3243,2
3244,2
3245,2
3246,2
3247,2
3248,2
3249,2
3250,2
3251,2
3252,2
3253,2
3254,2
3255,2
3256,2
3257,2
3258,2
3259,2
3260,2
3261,2
3262,2
3263,2
3264,2
3265,2
3266,2
3267,2
3268,2
3269,2
3270,2
3271,2
3272,2
3273,2
3274,2
3275,2
3276,2
3277,2
3278,2
3279,2
3280,2
3281,2
3282,2
3283,2
3284,2
3285,2
3286,2
3287,2
3288,2
3289,2
3290,2
3291,2
3292,2
3293,2
3294,2
3295,2
3296,2
3297,2
3298,2
3299,2
3300,2
3301,2
3302,2
3303,2
3304,2
3305,2
3306,2
3307,2
3308,2
3309,2
3310,2
3311,2
3312,2
3313,2
3314,2
3315,2
3316,2
3317,2
3318,2
3319,2
3320,2
3321,2
3322,2
3323,2
3324,2
3325,2
3326,2
3327,2
3328,2
3329,2
3330,2
3331,2
3332,2
3333,2
3334,2
3335,2
3336,2
3337,2
3338,2
3339,2
3340,2
3341,2
3342,2
3343,2
3344,2
3345,2
3346,2
3347,2
3348,2
3349,2
3350,2
3351,2
3352,2
3353,2
3354,2
3355,2
3356,2
3357,2
3358,2
3359,2
3360,2
3361,2
3362,2
3363,2
3364,2
3365,2
3366,2
3367,2
3368,2
3369,2
3370,2
3371,2
3372,2
3373,2
3374,2
3375,2
3376,2
3377,2
3378,2
3379,2
3380,2
3381,2
3382,2
3383,2
3384,2
3385,2
3386,2
3387,2
3388,2
3389,2
3390,2
3391,2
3392,2
3393,2
3394,2
3395,2
3396,2
3397,2
3398,2
3399,2
3400,2
3401,2
3402,2
3403,2
3404,2
3405,2
3406,2
3407,2
3408,2
3409,2
3410,2
3411,2
3412,2
3413,2
3414,2
3415,2
3416,2
3417,2
3418,2
3419,2
3420,2
3421,2
3422,2
3423,2
3424,2
3425,2
3426,2
3427,2
3428,2
3429,2
3430,2
3431,2
3432,2
3433,2
3434,2
3435,2
3436,2
3437,2
3438,2
3439,2
3440,2
3441,2
3442,2
3443,2
3444,2
3445,2
3446,2
3447,2
3448,2
3449,2
3450,2
3451,2
3452,2
3453,2
3454,2
3455,2
3456,2
3457,2
3458,2
3459,2
3460,2
3461,2
3462,2
3463,2
3464,2
3465,2
3466,2
3467,2
3468,2
3469,2
3470,2
3471,2
3472,2
3473,2
3474,2
3475,2
3476,2
3477,2
3478,2
3479,2
3480,2
3481,2
3482,2
3483,2
3484,2
3485,2
3486,2
3487,2
3488,2
3489,2
3490,2
3491,2
3492,2
3493,2
3494,2
3495,2
3496,2
3497,2
3498,2
3499,2
3500,2
3501,2
3502,2
3503,2
3504,2
3505,2
3506,2
3507,2
3508,2
3509,2
3510,2
3511,2
3512,2
3513,2
3514,2
3515,2
3516,2
3517,2
3518,2
3519,2
3520,2
3521,2
3522,2
3523,2
3524,2
3525,2
3526,2
3527,2
3528,2
3529,2
3530,2
3531,2
3532,2
3533,2
3534,2
3535,2
3536,2
3537,2
3538,2
3539,2
3540,2
3541,2
3542,2
3543,2
3544,2
3545,2
3546,2
3547,2
3548,2
3549,2
3550,2
3551,2
3552,2
3553,2
3554,2
3555,2
3556,2
3557,2
3558,2
3559,2
3560,2
3561,2
3562,2
3563,2
3564,2
3565,2
3566,2
3567,2
3568,2
3569,2
3570,2
3571,2
3572,2
3573,2
3574,2
3575,2
3576,2
3577,2
3578,2
3579,2
3580,2
3581,2
3582,2
3583,2
3584,2
3585,2
3586,2
3587,2
3588,2
3589,2
3590,2
3591,2
3592,2
3593,2
3594,2
3595,2
3596,2
3597,2
3598,2
3599,2
3600,2
3601,2
3602,2
3603,2
3604,2
3605,2
3606,2
3607,2
3608,2
3609,2
3610,2
3611,2
3612,2
3613,2
3614,2
3615,2
3616,2
3617,2
3618,2
3619,2
3620,2
3621,2
3622,2
3623,2
3624,2
3625,2
3626,2
3627,2
3628,2
3629,2
3630,2
3631,2
3632,2
3633,2
3634,2
3635,2
3636,2
3637,2
3638,2
3639,2
3640,2
3641,2
3642,2
3643,2
3644,2
3645,2
3646,2
3647,2
3648,2
3649,2
3650,2
3651,2
3652,2
3653,2
3654,2
3655,2
3656,2
3657,2
3658,2
3659,2
3660,2
3661,2
3662,2
3663,2
3664,2
3665,2
3666,2
3667,2
3668,2
3669,2
3670,2
3671,2
3672,2
3673,2
3674,2
3675,2
3676,2
3677,2
3678,2
3679,2
3680,2
3681,2
3682,2
3683,2
3684,2
3685,2
3686,2
3687,2
3688,2
3689,2
3690,2
3691,2
3692,2
3693,2
3694,2
3695,2
3696,2
3697,2
3698,2
3699,2
3700,2
3701,2
3702,2
3703,2
3704,2
3705,2
3706,2
3707,2
3708,2
3709,2
3710,2
3711,2
3712,2
3713,2
3714,2
3715,2
3716,2
3717,2
3718,2
3719,2
3720,2
3721,2
3722,2
3723,2
3724,2
3725,2
3726,2
3727,2
3728,2
3729,2
3730,2
3731,2
3732,2
3733,2
3734,2
3735,2
3736,2
3737,2
3738,2
3739,2
3740,2
3741,2
3742,2
3743,2
3744,2
3745,2
3746,2
3747,2
3748,2
3749,2
3750,2
3751,2
3752,2
3753,2
3754,2
3755,2
3756,2
3757,2
3758,2
3759,2
3760,2
3761,2
3762,2
3763,2
3764,2
3765,2
3766,2
3767,2
3768,2
3769,2
3770,2
3771,2
3772,2
3773,2
3774,2
3775,2
3776,2
3777,2
3778,2
3779,2
3780,2
3781,2
3782,2
3783,2
3784,2
3785,2
3786,2
3787,2
3788,2
3789,2
3790,2
3791,2
3792,2
3793,2
3794,2
3795,2
3796,2
3797,2
3798,2
3799,2
3800,2
3801,2
3802,2
3803,2
3804,2
3805,2
3806,2
3807,2
3808,2
3809,2
3810,2
3811,2
3812,2
3813,2
3814,2
3815,2
3816,2
3817,2
3818,2
3819,2
3820,2
3821,2
3822,2
3823,2
3824,2
3825,2
3826,2
3827,2
3828,2
3829,2
3830,2
3831,2
3832,2
3833,2
3834,2
3835,2
3836,2
3837,2
3838,2
3839,2
3840,2
3841,2
3842,2
3843,2
3844,2
3845,2
3846,2
3847,2
3848,2
3849,2
3850,2
3851,2
3852,2
3853,2
3854,2
3855,2
3856,2
3857,2
3858,2
3859,2
3860,2
3861,2
3862,2
3863,2
3864,2
3865,2
3866,2
3867,2